<?xml version="1.0" encoding="utf-8"?> 
<productos>
	<producto idref="p33"> 
		<nombre>puzzle</nombre> 
		<proveedor>ibex</proveedor> 
		<importacion>si</importacion> 
		<pais>China </pais>
	</producto> 
	<producto idref="p21"> 
		<nombre>pincel</nombre> 
		<proveedor>sapel</proveedor> 
		<importacion>no</importacion> 
		<pais>España </pais>
	</producto> 
	<producto idref="p541"> 
		<nombre>tijeras</nombre>
		<proveedor>rima</proveedor> 
		<importacion>si</importacion> 
		<pais>China </pais>
	</producto> 
</productos>
